<?xml version="1.0" encoding="utf-8"?>
<selector xmlns:android="http://schemas.android.com/apk/res/android">
    <item><layer-list>
        <item><shape>
            <stroke android:width="0.5dp" android:color="#000000" />
            <corners android:radius="8dp"/>
            <padding android:bottom="3dp" android:left="3dp" android:right="3dp" android:top="3dp" />
        </shape></item>
        <!--<item>-->
            <!--<bitmap android:gravity="bottom|right" android:src="@drawable/ic_arrow_drop_down" />-->
        <!--</item>-->
        <item android:drawable="@drawable/ic_arrow_drop_down" android:gravity="bottom|right"/>

    </layer-list></item>
</selector>